axis,row_count,group_count,mean_cosine_similarity,mean_euclidean_distance,mean_manhattan_distance,cosine_bootstrap_lower,cosine_bootstrap_upper,euclidean_bootstrap_lower,euclidean_bootstrap_upper
compressed_version,6,1,0.986102,7.737574,8.753368,0.96894,0.998168,5.685734,10.355873
formalized_style,6,1,0.998865,2.452218,3.313078,0.99752,0.999705,1.214486,4.017096
informalized_style,6,1,0.985687,6.292201,7.151109,0.960489,0.999688,2.87381,9.845275
punctuation_cleanup,6,1,0.970998,9.990286,10.027919,0.916892,0.999999,0.033926,20.913887
sentence_split_merge,6,1,0.959893,15.421605,15.810561,0.937772,0.980258,7.008749,25.850233
word_order_shift,6,1,0.971022,11.4007,11.927986,0.920513,0.999541,1.946455,20.963641
