axis,campaign_row_count,benchmark_row_count,campaign_mean_cosine_similarity,benchmark_mean_cosine_similarity,cosine_similarity_delta,cosine_similarity_abs_delta,campaign_mean_euclidean_distance,benchmark_mean_euclidean_distance,euclidean_distance_delta,euclidean_distance_abs_delta,campaign_mean_manhattan_distance,benchmark_mean_manhattan_distance,manhattan_distance_delta,manhattan_distance_abs_delta,alignment_band
compressed_version,3,6,0.99418,0.986102,-0.008078,0.008078,3.522476,7.737574,4.215098,4.215098,4.228894,8.753368,4.524474,4.524474,wider
formalized_style,3,6,0.999374,0.998865,-0.000509,0.000509,1.038277,2.452218,1.413941,1.413941,1.776839,3.313078,1.536239,1.536239,close
informalized_style,3,6,0.99785,0.985687,-0.012163,0.012163,1.527384,6.292201,4.764817,4.764817,2.455715,7.151109,4.695394,4.695394,wider
punctuation_cleanup,3,6,0.996644,0.970998,-0.025646,0.025646,3.707315,9.990286,6.282971,6.282971,3.712973,10.027919,6.314946,6.314946,wider
sentence_split_merge,3,6,0.984256,0.959893,-0.024363,0.024363,3.447801,15.421605,11.973804,11.973804,3.739148,15.810561,12.071413,12.071413,wider
word_order_shift,3,6,0.999354,0.971022,-0.028332,0.028332,1.108345,11.4007,10.292355,10.292355,1.436529,11.927986,10.491457,10.491457,wider
